CREATE TABLE Author (
    AuthorID INT PRIMARY KEY,
    AuthorName VARCHAR(100) NOT NULL,
    Country VARCHAR(50) NULL
);
CREATE TABLE Publisher (
    PublisherID INT PRIMARY KEY,
    PublisherName VARCHAR(100) NOT NULL UNIQUE,
    City VARCHAR(50) NOT NULL
);
CREATE TABLE Book (
    BookID INT PRIMARY KEY,
    Title VARCHAR(200) NOT NULL,
    AuthorID INT,
    PublisherID INT,
    Price DECIMAL(8,2) NOT NULL,
    PublicationYear INT NOT NULL,
    FOREIGN KEY (AuthorID) REFERENCES Author(AuthorID),
    FOREIGN KEY (PublisherID) REFERENCES Publisher(PublisherID)
);

INSERT INTO Author (AuthorID, AuthorName, Country) VALUES
(1, 'Chetan Bhagat', 'India'),
(2, 'Arundhati Roy', 'India'),
(3, 'Amish Tripathi', 'India'),
(4, 'Ruskin Bond', 'India'),
(5, 'Jhumpa Lahiri', 'India'),
(6, 'Paulo Coelho', 'Brazil'),
(7, 'Sudha Murty', 'India');

INSERT INTO Publisher (PublisherID, PublisherName, City) VALUES
(1, 'Rupa Publications', 'New Delhi'),
(2, 'Penguin India', 'Gurugram'),
(3, 'HarperCollins India', 'Noida'),
(4, 'Aleph Book Company', 'New Delhi');

INSERT INTO Book (BookID, Title, AuthorID, PublisherID, Price, PublicationYear) VALUES
(101, 'Five Point Someone', 1, 1, 250.00, 2004),
(102, 'The God of Small Things', 2, 2, 350.00, 1997),
(103, 'Immortals of Meluha', 3, 3, 300.00, 2010),
(104, 'The Blue Umbrella', 4, 1, 180.00, 1980),
(105, 'The Lowland', 5, 2, 400.00, 2013),
(106, 'Revolution 2020', 1, 1, 275.00, 2011),
(107, 'Sita: Warrior of Mithila', 3, 3, 320.00, 2017),
(108, 'The Room on the Roof', 4, 4, 200.00, 1956);
